cluster_name;cluster_type;warehouse_id;warehouse_type;warehouse_name
Армения;CIS;1020000407473000;FULL_FILLMENT;ЕРЕВАН_МРФЦ
Армения;CIS;1020000407516000;CROSS_DOCK;ЕРЕВАН_МРФЦ_КРОССДОКИНГ
Беларусь;CIS;23402539267000;FULL_FILLMENT;МИНСК_МПСЦ
Беларусь;CIS;1020000819828000;SORTING_CENTER;МИНСК_КГТ
Беларусь;CIS;1020001556338000;CROSS_DOCK;МИНСК_МРФЦ_НЕГАБАРИТ_КРОССДОКИНГ
Беларусь;CIS;1020002865403000;SORTING_CENTER;СЦ_ФФ_МИНСК_МПСЦ_ВОЗВРАТЫ
Беларусь;CIS;1020001556240000;FULL_FILLMENT;МИНСК_МРФЦ_НЕГАБАРИТ
Беларусь;CIS;1020001356434000;CROSS_DOCK;МИНСК_МПСЦ_Кроссдокинг_ИМПОРТ
Беларусь;CIS;1020000056565000;CROSS_DOCK;МИНСК_МПСЦ_Кроссдокинг
Воронеж;OZON;23963150422000;ORDERS_RECEIVING_POINT;ВОРОНЕЖ_СППЗ_45-СТРЕЛКОВОЙ ДИВИЗИИ_62
Воронеж;OZON;1020002160746000;ORDERS_RECEIVING_POINT;ВОРОНЕЖ_АППЗ_2
Воронеж;OZON;20547967168000;SORTING_CENTER;ВОРОНЕЖ_ХАБ_ЛОГВИЛЛ_КГТ
Воронеж;OZON;20547967160000;SORTING_CENTER;ВОРОНЕЖ_ХАБ_ЛОГВИЛЛ
Воронеж;OZON;1020002581497000;ORDERS_RECEIVING_POINT;ВОРОНЕЖ_АППЗ_3
Воронеж;OZON;1020000995023000;SORTING_CENTER;СЦ_Воронеж_Акварельная_Возвраты
Воронеж;OZON;19815467502000;SORTING_CENTER;СЦ_ВОРОНЕЖ_ПРОМЫШЛЕННАЯ 
Воронеж;OZON;21807384609000;SORTING_CENTER;СЦ_ВОРОНЕЖ
Воронеж;OZON;1020001007805000;FULL_FILLMENT;ВОРОНЕЖ_2_РФЦ
Воронеж;OZON;1020001007922000;CROSS_DOCK;ВОРОНЕЖ_2_РФЦ_КРОССДОКИНГ
Воронеж;OZON;23684735180000;FULL_FILLMENT;ВОРОНЕЖ_МРФЦ
Воронеж;OZON;1020002196480000;FULL_FILLMENT;ВОРОНЕЖ_РФЦ_НЕГАБАРИТ
Воронеж;OZON;20547966358000;SORTING_CENTER;ТСЦ_ВОРОНЕЖ_ТСЦ
Воронеж;OZON;23860043883000;CROSS_DOCK;ВОРОНЕЖ_МРФЦ_Кроссдокинг
Воронеж;OZON;1020000980265000;SORTING_CENTER;ВОРОНЕЖ_ХАБ_АКВАРЕЛЬНАЯ
Воронеж;OZON;1020002196551000;CROSS_DOCK;ВОРОНЕЖ_РФЦ_НЕГАБАРИТ_КРОССДОКИНГ
Дальний Восток;OZON;21957712892000;CROSS_DOCK;ХАБАРОВСК_РФЦ_Кроссдокинг
Дальний Восток;OZON;20547966481000;SORTING_CENTER;СЦ_ХАБАРОВСК_ПУТЕВАЯ
Дальний Восток;OZON;1020002042107000;SORTING_CENTER;ХАБАРОВСК_ХАБ_ИНДУСТРИАЛЬНАЯ
Дальний Восток;OZON;1020000890284000;CROSS_DOCK;ХАБАРОВСК_2_РФЦ_КРОССДОКИНГ
Дальний Восток;OZON;1020000890160000;FULL_FILLMENT;ХАБАРОВСК_2_РФЦ
Дальний Восток;OZON;1020000811274000;SORTING_CENTER;ХАБАРОВСК_ХАБ_СУВОРОВА
Дальний Восток;OZON;1020002927951000;FULL_FILLMENT;ХАБАРОВСК_2_РФЦ_ПАЛЛЕТНЫЙ
Дальний Восток;OZON;21225173751000;FULL_FILLMENT;Хабаровск_РФЦ
Дальний Восток;OZON;1020001008722000;SORTING_CENTER;ХАБАРОВСК_КГТ
Кавказ;OZON;1020000950023000;SORTING_CENTER;СЦ_Ставрополь_Кулакова_Возвраты
Кавказ;OZON;1020002702559000;ORDERS_RECEIVING_POINT;СТАВРОПОЛЬ_АППЗ_2
Кавказ;OZON;1020002927910000;FULL_FILLMENT;НЕВИННОМЫССК_РФЦ_ПАЛЛЕТНЫЙ
Кавказ;OZON;1020002220254000;ORDERS_RECEIVING_POINT;СТАВРОПОЛЬ_АППЗ_1
Кавказ;OZON;1020002495388000;SORTING_CENTER;СЦ_Невинномысск_Возвраты
Кавказ;OZON;1020002495382000;SORTING_CENTER;НЕВИННОМЫССК_ХАБ
Кавказ;OZON;20547967105000;SORTING_CENTER;СТАВРОПОЛЬ_ХАБ_РАКИТНАЯ
Кавказ;OZON;1020001351243000;FULL_FILLMENT;НЕВИННОМЫССК_РФЦ
Кавказ;OZON;1020001351249000;CROSS_DOCK;НЕВИННОМЫССК_РФЦ_КРОССДОКИНГ
Кавказ;OZON;1020000949962000;SORTING_CENTER;СТАВРОПОЛЬ_ХАБ_КУЛАКОВА
Кавказ;OZON;1020002541543000;SORTING_CENTER;НЕВИННОМЫССК_ХАБ_КГТ
Кавказ;OZON;16187533603000;SORTING_CENTER;СЦ_СТАВРОПОЛЬ
Кавказ;OZON;1020000969743000;SORTING_CENTER;СТАВРОПОЛЬ_ХАБ_РАКИТНАЯ_КГТ
Казань;OZON;1020000978396000;SORTING_CENTER;НИЖНИЙ_НОВГОРОД_ХАБ_КРАСНЫЙ_ ЯКОРЬ
Казань;OZON;22216626852000;ORDERS_RECEIVING_POINT;ППЗ_КАЗАНЬ_ГАГАРИНА
Казань;OZON;23963011321000;ORDERS_RECEIVING_POINT;КАЗАНЬ_СППЗ_ГАГАРИНА
Казань;OZON;1020000189638000;ORDERS_RECEIVING_POINT;КАЗАНЬ_АППЗ_3
Казань;OZON;20547966368000;SORTING_CENTER;НИЖНИЙ_НОВГОРОД_ХАБ_КУДЬМА
Казань;OZON;1020001273589000;SORTING_CENTER;НИЖНИЙ_НОВГОРОД_ХАБ_ТЕПЛИЧНАЯ_Блок_1
Казань;OZON;1020001625568000;SORTING_CENTER;ДЗЕРЖИНСК_ТСЦ
Казань;OZON;1020002542735000;SORTING_CENTER;СЦ_НИЖНИЙ_НОВГОРОД_Возвраты
Казань;OZON;1020002630205000;FULL_FILLMENT;ВЕТАПТЕКА_НИНО
Казань;OZON;1020000471824000;SORTING_CENTER;СЦ_НИЖНИЙ_НОВГОРОД_ИНДУСТРИАЛЬНАЯ_Возвраты
Казань;OZON;1020002462483000;SORTING_CENTER;ДЗЕРЖИНСК _КГТ
Казань;OZON;1020002418177000;CROSS_DOCK;НИНО_РФЦ_НЕГАБАРИТ_КРОССДОКИНГ
Казань;OZON;1020002418138000;FULL_FILLMENT;НИНО_РФЦ_НЕГАБАРИТ
Казань;OZON;1020001762016000;SORTING_CENTER;НИНО_ТСЦ_ТЕПЛИЧНАЯ
Казань;OZON;1020000615395000;ORDERS_RECEIVING_POINT;КАЗАНЬ_АППЗ_4
Казань;OZON;23953666717000;ORDERS_RECEIVING_POINT;КАЗАНЬ_АППЗ_2
Казань;OZON;23990514366000;SORTING_CENTER;КАЗАНЬ_ХАБ_ТЭЦЕВСКАЯ_КГТ
Казань;OZON;1020002079439000;SORTING_CENTER;КАЗАНЬ_ХАБ_ЗЕЛЕНОДОЛЬСК_КГТ
Казань;OZON;20547966580000;SORTING_CENTER;ТСЦ_КАЗАНЬ_АЭРОПОРТ
Казань;OZON;21704470486000;SORTING_CENTER;СЦ_Казань_Столбище
Казань;OZON;1020002066005000;FULL_FILLMENT;КЗН_СТОЛБИЩЕ_РФЦ_НЕГАБАРИТ
Казань;OZON;1020000844824000;SORTING_CENTER;КАЗАНЬ_ХАБ_АЭРОПОРТ
Казань;OZON;1020002066136000;CROSS_DOCK;КЗН_СТОЛБИЩЕ_РФЦ_НЕГАБАРИТ_КРОССДОКИНГ
Казань;OZON;1020002405059000;SORTING_CENTER;КАЗАНЬ_ХАБ_АЭРОПОРТ_КГТ
Казань;OZON;16188790631000;SORTING_CENTER;СЦ_КАЗАНЬ_НОВЫЙ
Казань;OZON;1020001280299000;SORTING_CENTER;СЦ_НИЖНИЙ_НОВГОРОД_ТЕПЛИЧНАЯ_Возвраты
Казань;OZON;1020002927942000;FULL_FILLMENT;КАЗАНЬ_РФЦ_ПАЛЛЕТНЫЙ
Казань;OZON;1020002010287000;SORTING_CENTER;КАЗАНЬ_ХАБ_ЗЕЛЕНОДОЛЬСК
Казань;OZON;1020002011879000;SORTING_CENTER;СЦ_КАЗАНЬ_ХАБ_ЗЕЛЕНОДОЛЬСК_Возвраты
Казань;OZON;1020002100622000;SORTING_CENTER;КАЗАНЬ_ХАБ_ЗЕЛЕНОДОЛЬСК_БЛОК_2
Казань;OZON;1020000986290000;SORTING_CENTER;КАЗАНЬ_ТСЦ_ТУРА
Казань;OZON;21957475354000;CROSS_DOCK;КАЗАНЬ_РФЦ_Кроссдокинг
Казань;OZON;23962971740000;ORDERS_RECEIVING_POINT;КАЗАНЬ_СППЗ_САЛИМЖАНОВА
Казань;OZON;1020001415725000;SORTING_CENTER;ЗЕЛЕНОДОЛЬСК_ТСЦ
Казань;OZON;1020001280810000;SORTING_CENTER;НИЖНИЙ_НОВГОРОД_ХАБ_ТЕПЛИЧНАЯ_КГТ
Казань;OZON;18044494830000;FULL_FILLMENT;Казань_РФЦ_НОВЫЙ
Казань;OZON;23599177351000;FULL_FILLMENT;НИЖНИЙ_НОВГОРОД_РФЦ
Казань;OZON;23960969555000;SORTING_CENTER;НИЖНИЙ_НОВГОРОД_ХАБ_ИНДУСТРИАЛЬНАЯ
Казань;OZON;23839637911000;CROSS_DOCK;НИЖНИЙ_НОВГОРОД_РФЦ_Кроссдокинг
Казань;OZON;20547966379000;SORTING_CENTER;ТСЦ_НИЖНИЙ_НОВГОРОД
Казань;OZON;1020000978608000;SORTING_CENTER;СЦ_НИЖНИЙ_НОВГОРОД_КРАСНЫЙ_ЯКОРЬ_Возвраты
Казань;OZON;23555325921000;SORTING_CENTER;НИЖНИЙ_НОВГОРОД_КГТ
Казань;OZON;23962981627000;ORDERS_RECEIVING_POINT;НИЖНИЙ НОВГОРОД_СППЗ_ГЕНКИНОЙ
Казань;OZON;23927144565000;SORTING_CENTER;СЦ_НИЖНИЙ_НОВГОРОД_КУДЬМА_Возвраты
Казань;OZON;23963007458000;ORDERS_RECEIVING_POINT;НИЖНИЙ НОВГОРОД_СППЗ_ДОСТОЕВСКОГО
Казань;OZON;23963040215000;ORDERS_RECEIVING_POINT;НИЖНИЙ НОВГОРОД_СППЗ_БУСЫГИНА_42
Казахстан;CIS;1020000367064000;CROSS_DOCK;АСТАНА_РФЦ_КРОССДОКИНГ
Казахстан;CIS;22327039387000;FULL_FILLMENT;НУР_СУЛТАН_МРФЦ
Казахстан;CIS;22189462828000;SORTING_CENTER;ТСЦ_НУР_СУЛТАН
Казахстан;CIS;1020000015205000;CROSS_DOCK;НУР_СУЛТАН_МРФЦ_КРОССДОКИНГ
Казахстан;CIS;1020000690097000;CROSS_DOCK;АСТАНА_РФЦ_КРОССДОК_ИМПОРТ
Казахстан;CIS;1020002038173000;SORTING_CENTER;СЦ_ФФ_Астана_Возвраты
Казахстан;CIS;1020002080530000;SORTING_CENTER;СЦ_ФФ_Алматы_2_Возвраты
Казахстан;CIS;1020001854051000;CROSS_DOCK;АЛМАТЫ_2_РФЦ_КРОССДОКИНГ
Казахстан;CIS;1020001854016000;FULL_FILLMENT;АЛМАТЫ_2_РФЦ
Казахстан;CIS;1020000310007000;FULL_FILLMENT;АЛМАТЫ_МРФЦ
Казахстан;CIS;1020002120447000;SORTING_CENTER;АЛМАТЫ_2_РФЦ_КГТ
Казахстан;CIS;1020000689840000;CROSS_DOCK;АЛМАТЫ_МРФЦ_КРОССДОК_ИМПОРТ
Казахстан;CIS;1020000367015000;FULL_FILLMENT;АСТАНА_РФЦ
Казахстан;CIS;1020000366601000;CROSS_DOCK;АЛМАТЫ_МРФЦ_КРОССДОКИНГ
Казахстан;CIS;22189440072000;SORTING_CENTER;СЦ_АЛМАТЫ_АЛЬМЕРЕК
Калининград;OZON;22294782253000;FULL_FILLMENT;КАЛИНИНГРАД_МРФЦ
Калининград;OZON;1020001237023000;SORTING_CENTER;КАЛИНИНГРАД_МРФЦ_КГТ
Калининград;OZON;1020001989874000;SORTING_CENTER;КАЛИНИНГРАД_ХАБ_КАМСКАЯ_КГТ
Калининград;OZON;1020001370635000;SORTING_CENTER;СЦ_ФФ_КАЛИНИНГРАД_Возвраты
Калининград;OZON;1020001995936000;SORTING_CENTER;СЦ_КАЛИНИНГРАД_ХАБ_КАМСКАЯ_Возвраты
Калининград;OZON;1020002912539000;SORTING_CENTER;КАЛИНИНГРАД_ХАБ_КАМСКАЯ
Красноярск;OZON;20547966669000;SORTING_CENTER;СЦ_КРАСНОЯРСК_СЕВЕРНОЕ
Красноярск;OZON;22296628035000;FULL_FILLMENT;КРАСНОЯРСК_МРФЦ
Красноярск;OZON;1020002690706000;FULL_FILLMENT;КРАСНОЯРСК_СТАРЦЕВО_РФЦ
Красноярск;OZON;21705001607000;CROSS_DOCK;Красноярск_МРФЦ_Кроссдокинг
Красноярск;OZON;1020002690770000;CROSS_DOCK;КРАСНОЯРСК_СТАРЦЕВО_РФЦ_КРОССДОКИНГ
Красноярск;OZON;1020002910376000;SORTING_CENTER;КРАСНОЯРСК_ХАБ_КРАЗОВСКАЯ_БЛОК_1 
Красноярск;OZON;1020002920981000;FULL_FILLMENT;КРАСНОЯРСК_МРФЦ_ПАЛЛЕТНЫЙ
Красноярск;OZON;1020000808758000;SORTING_CENTER;КРАСНОЯРСК_ХАБ_СОЛОНЦЫ
Красноярск;OZON;1020002915070000;SORTING_CENTER;КРАСНОЯРСК_ХАБ_КРАЗОВСКАЯ_БЛОК_2
Красноярск;OZON;1020001041555000;SORTING_CENTER;КРАСНОЯРСК_КГТ
Красноярск;OZON;1020002365266000;ORDERS_RECEIVING_POINT;КРАСНОЯРСК_АППЗ_1
Москва, МО и Дальние регионы;OZON;1020001910980000;SORTING_CENTER;СЦ_Ногинск_КГТ_возвраты
Москва, МО и Дальние регионы;OZON;1020000260822000;SORTING_CENTER;МО_УСПЕНСКИЙ_ХАБ
Москва, МО и Дальние регионы;OZON;1020001642405000;CROSS_DOCK;НОГИНСК_РФЦ_НЕГАБАРИТ_КРОССДОКИНГ
Москва, МО и Дальние регионы;OZON;1020001527430000;ORDERS_RECEIVING_POINT;НОГИНСК_АППЗ_2
Москва, МО и Дальние регионы;OZON;1020001024045000;SORTING_CENTER;МО_НОГИНСК_2_ХАБ
Москва, МО и Дальние регионы;OZON;1020000759116000;FULL_FILLMENT;НОГИНСК_РФЦ
Москва, МО и Дальние регионы;OZON;1020000759303000;CROSS_DOCK;НОГИНСК_РФЦ_КРОССДОКИНГ
Москва, МО и Дальние регионы;OZON;23962164233000;ORDERS_RECEIVING_POINT;МО_БАЛАШИХА_СППЗ_СОВЕТСКАЯ_45
Москва, МО и Дальние регионы;OZON;23961123661000;ORDERS_RECEIVING_POINT;МО_БАЛАШИХА_СППЗ_1-МАЯ_25
Москва, МО и Дальние регионы;OZON;1020000381193000;SORTING_CENTER;МО_УСПЕНСКИЙ_КГТ
Москва, МО и Дальние регионы;OZON;1020001642383000;FULL_FILLMENT;НОГИНСК_РФЦ_НЕГАБАРИТ
Москва, МО и Дальние регионы;OZON;23969023230000;SORTING_CENTER;МО_ЖУКОВСКИЙ_ХАБ
Москва, МО и Дальние регионы;OZON;22389405258000;SORTING_CENTER;СЦ_МО_ВОРОВСКОГО
Москва, МО и Дальние регионы;OZON;1020002075314000;SORTING_CENTER;МО_ЗАМОСКВОРЕЧЬЕ_ФБС
Москва, МО и Дальние регионы;OZON;1020001810579000;SORTING_CENTER;МО_ЗАМОСКВОРЕЧЬЕ_IT_FF
Москва, МО и Дальние регионы;OZON;1020000721351000;SORTING_CENTER;МО_НОГИНСК_ХАБ
Москва, МО и Дальние регионы;OZON;1020000241817000;CROSS_DOCK;СОФЬИНО_РФЦ_КРОССДОКИНГ
Москва, МО и Дальние регионы;OZON;1020002681017000;SORTING_CENTER;МО_ЗАМОСКВОРЕЧЬЕ_XD
Москва, МО и Дальние регионы;OZON;1020000272159000;SORTING_CENTER;МО_УСПЕНСКИЙ_ХАБ_Возвраты
Москва, МО и Дальние регионы;OZON;1020000142701000;ORDERS_RECEIVING_POINT;МОСКВА_АППЗ_14
Москва, МО и Дальние регионы;OZON;22103480705000;SORTING_CENTER;СЦ_МО_ЖЕЛЕЗНОДОРОЖНЫЙ
Москва, МО и Дальние регионы;OZON;19743339489000;ORDERS_RECEIVING_POINT;ППЗ_МО_БАЛАШИХА_ЧЕХОВА
Москва, МО и Дальние регионы;OZON;23960004538000;ORDERS_RECEIVING_POINT;МО_БАЛАШИХА_СППЗ_ГАГАРИНА_29
Москва, МО и Дальние регионы;OZON;1020001517663000;SORTING_CENTER;МО_НОГИНСК_КГТ
Москва, МО и Дальние регионы;OZON;23962091402000;ORDERS_RECEIVING_POINT;МОСКВА_СППЗ_9-Я ПАРКОВАЯ_41
Москва, МО и Дальние регионы;OZON;23961738362000;ORDERS_RECEIVING_POINT;МО_РЕУТОВ_СППЗ_НОСОВИХИНСКОЕ_27
Москва, МО и Дальние регионы;OZON;23954030610000;ORDERS_RECEIVING_POINT;МО_БАЛАШИХА_СППЗ_ЧЕХОВА
Москва, МО и Дальние регионы;OZON;19656413123000;ORDERS_RECEIVING_POINT;ППЗ_МО_БАЛАШИХА_1_МАЯ_25
Москва, МО и Дальние регионы;OZON;22391450679000;ORDERS_RECEIVING_POINT;ППЗ_МОСКВА_9-Я ПАРКОВАЯ_41
Москва, МО и Дальние регионы;OZON;23450298816000;CROSS_DOCK;П_Р_БАЛАШИХА_1
Москва, МО и Дальние регионы;OZON;1020000168847000;ORDERS_RECEIVING_POINT;МОСКВА_АППЗ_15
Москва, МО и Дальние регионы;OZON;23875337593000;SORTING_CENTER;МО_ПУШКИНО_КГТ_НОВЫЙ
Москва, МО и Дальние регионы;OZON;15431806189000;FULL_FILLMENT;ХОРУГВИНО_РФЦ
Москва, МО и Дальние регионы;OZON;22421349535000;SORTING_CENTER;МО_НИЖНЕЕ_ВЕЛИНО_2_ХАБ
Москва, МО и Дальние регионы;OZON;23843917228000;FULL_FILLMENT;ПУШКИНО_1_РФЦ
Москва, МО и Дальние регионы;OZON;1020001067867000;SORTING_CENTER;МО_ПУШКИНО_2_КГТ
Москва, МО и Дальние регионы;OZON;1020000949825000;SORTING_CENTER;МО_ПУШКИНО_3_ХАБ
Москва, МО и Дальние регионы;OZON;1020001046616000;SORTING_CENTER;СЦ_ПУШКИНО_4_ХАБ
Москва, МО и Дальние регионы;OZON;18842715502000;SORTING_CENTER;СЦ_КОРОЛЕВ_НОВЫЙ 
Москва, МО и Дальние регионы;OZON;23902289166000;FULL_FILLMENT;ПУШКИНО_2_РФЦ
Москва, МО и Дальние регионы;OZON;23824223499000;SORTING_CENTER;МО_ПУШКИНО_ХАБ
Москва, МО и Дальние регионы;OZON;23913902713000;SORTING_CENTER;МО_ПУШКИНО_ФБС
Москва, МО и Дальние регионы;OZON;1020000409678000;ORDERS_RECEIVING_POINT;МО_ЩЕЛКОВО_АППЗ_1
Москва, МО и Дальние регионы;OZON;20547966537000;SORTING_CENTER;ТСЦ_Москва_Пушкино
Москва, МО и Дальние регионы;OZON;1020001093370000;ORDERS_RECEIVING_POINT;ПУШКИНО_АППЗ_2
Москва, МО и Дальние регионы;OZON;21703968931000;SORTING_CENTER;СЦ_Королев
Москва, МО и Дальние регионы;OZON;23863997956000;CROSS_DOCK;ПУШКИНО_1_РФЦ_Кроссдокинг
Москва, МО и Дальние регионы;OZON;23962899615000;ORDERS_RECEIVING_POINT;МО_ПУШКИНО_СППЗ_ПИСАРЕВСКИЙ
Москва, МО и Дальние регионы;OZON;1020001816779000;SORTING_CENTER;МО_ТСЦ_БРАТОВЩИНА
Москва, МО и Дальние регионы;OZON;1020000084403000;SORTING_CENTER;МО_ПУШКИНО_2_ХАБ
Москва, МО и Дальние регионы;OZON;1020000409478000;CROSS_DOCK;ПУШКИНО_2_РФЦ_Кроссдокинг
Москва, МО и Дальние регионы;OZON;22472131689000;SORTING_CENTER;СЦ_МО_ОГУДНЕВО
Москва, МО и Дальние регионы;OZON;22123468519000;CROSS_DOCK;ХОРУГВИНО_НЕГАБАРИТ_кроссдокинг
Москва, МО и Дальние регионы;OZON;20995730717000;CROSS_DOCK;Кросс_Док FBO_PICK_UP
Москва, МО и Дальние регионы;OZON;1020002030223000;SORTING_CENTER;МО_СОЛНЕЧНОГОРСК_КГТ
Москва, МО и Дальние регионы;OZON;1020002271456000;SORTING_CENTER;МО_СОЛНЕЧНОГОРСК_ХАБ_КГТ
Москва, МО и Дальние регионы;OZON;19262731541000;FULL_FILLMENT;Хоругвино_РФЦ_НЕГАБАРИТ
Москва, МО и Дальние регионы;OZON;1020001357214000;ORDERS_RECEIVING_POINT;САДОВОД_АППЗ_7
Москва, МО и Дальние регионы;OZON;1020002064151000;SORTING_CENTER;СЦ_СОЛНЕЧНОГОРСК_Возвраты
Москва, МО и Дальние регионы;OZON;21861873831000;CROSS_DOCK;ХОРУГВИНО_РФЦ_Негабарит_Кроссдокинг
Москва, МО и Дальние регионы;OZON;1020002009994000;SORTING_CENTER;МО_СОЛНЕЧНОГОРСК_ХАБ
Москва, МО и Дальние регионы;OZON;1020002458344000;FULL_FILLMENT;ХОРУГВИНО_РФЦ_ПАЛЛЕТНЫЙ
Москва, МО и Дальние регионы;OZON;21963416268000;CROSS_DOCK;ХОРУГВИНО_РФЦ_Кроссдокинг
Москва, МО и Дальние регионы;OZON;1020000916183000;SORTING_CENTER;МО_ЖУКОВСКИЙ_2_ХАБ
Москва, МО и Дальние регионы;OZON;1020000909282000;SORTING_CENTER;МО_НОВОРИЖСКИЙ_ХАБ_1
Москва, МО и Дальние регионы;OZON;1020001344366000;SORTING_CENTER;СЦ_ЗАМОСКВОРЕЧЬЕ_Возвраты
Москва, МО и Дальние регионы;OZON;22852896885000;CROSS_DOCK;ДАВЫДОВСКОЕ_кроссдокинг
Москва, МО и Дальние регионы;OZON;22757590219000;SORTING_CENTER;МО_ИСТРА_КГТ
Москва, МО и Дальние регионы;OZON;22239128924000;SORTING_CENTER;МО_ИСТРА_ХАБ
Москва, МО и Дальние регионы;OZON;19607172546000;SORTING_CENTER;СЦ_Новая Рига
Москва, МО и Дальние регионы;OZON;1020002498196000;SORTING_CENTER;МО_ИСТРА_3_ХАБ
Москва, МО и Дальние регионы;OZON;1020000268887000;FULL_FILLMENT;ПАВЛО_СЛОБОДСКОЕ_РФЦ_НЕГАБАРИТ
Москва, МО и Дальние регионы;OZON;22852948506000;CROSS_DOCK;ПАВЛО_СЛОБОДСКОЕ_РЦ_Кроссдокинг
Москва, МО и Дальние регионы;OZON;23948599159000;FULL_FILLMENT;ПЕТРОВСКОЕ_РФЦ
Москва, МО и Дальние регионы;OZON;1020001104756000;SORTING_CENTER;СЦ_НОВОРИЖСКИЙ_Возвраты
Москва, МО и Дальние регионы;OZON;1020001067852000;SORTING_CENTER;МО_НОВОРИЖСКИЙ_1_КГТ
Москва, МО и Дальние регионы;OZON;1020000613453000;CROSS_DOCK;ДАВЫДОВСКОЕ_РФЦ_НЕГАБАРИТ_КРОССДОКИНГ
Москва, МО и Дальние регионы;OZON;1020000451689000;DISTRIBUTION_CENTER;РЦ_РЯБИНОВАЯ_WMS
Москва, МО и Дальние регионы;OZON;14830086490000;SORTING_CENTER;СЦ_МСК_БЕРЕЖКОВСКИЙ
Москва, МО и Дальние регионы;OZON;19736116035000;ORDERS_RECEIVING_POINT;ППЗ_МОСКВА_МАТВЕЕВСКАЯ
Москва, МО и Дальние регионы;OZON;1020002126353000;SORTING_CENTER;МО_НОВОРИЖСКИЙ_ХАБ
Москва, МО и Дальние регионы;OZON;16193312515000;SORTING_CENTER;СЦ_МОСКВА_МКШВ
Москва, МО и Дальние регионы;OZON;1020002930328000;SORTING_CENTER;МО_ИСТРА_4_ХАБ
Москва, МО и Дальние регионы;OZON;23948626989000;CROSS_DOCK;ПЕТРОВСКОЕ_РФЦ_КРОССДОКИНГ
Москва, МО и Дальние регионы;OZON;23824610792000;SORTING_CENTER;МСК_МОСКОВСКИЙ_ХАБ
Москва, МО и Дальние регионы;OZON;23948993287000;SORTING_CENTER;МСК_МОСКОВСКИЙ_ВОЗВРАТЫ
Москва, МО и Дальние регионы;OZON;23962075850000;ORDERS_RECEIVING_POINT;МОСКВА_СППЗ_ПОПУТНАЯ_1
Москва, МО и Дальние регионы;OZON;22961045669000;SORTING_CENTER;МСК_САЛАРЬЕВО_ХАБ
Москва, МО и Дальние регионы;OZON;1020001769791000;SORTING_CENTER;МСК_САЛАРЬЕВО_КГТ
Москва, МО и Дальние регионы;OZON;1020002065804000;FULL_FILLMENT;ВЕТАПТЕКА_МОСКВА
Москва, МО и Дальние регионы;OZON;22038837444000;DISTRIBUTION_CENTER;ПАВЛО_СЛОБОДСКОЕ_РЦ
Москва, МО и Дальние регионы;OZON;1020002619769000;SORTING_CENTER;МСК_САЛАРЬЕВО_2_ХАБ
Москва, МО и Дальние регионы;OZON;1020000613049000;FULL_FILLMENT;ДАВЫДОВСКОЕ_РФЦ_НЕГАБАРИТ
Москва, МО и Дальние регионы;OZON;1020000185586000;SORTING_CENTER;МО_ИСТРА_2_ХАБ
Москва, МО и Дальние регионы;OZON;23851591824000;SORTING_CENTER;ТСЦ_МО_ИСТРА
Москва, МО и Дальние регионы;OZON;22777011764000;SORTING_CENTER;МО_ТСЦ_НОВАЯ_РИГА
Москва, МО и Дальние регионы;OZON;1020002007821000;CROSS_DOCK;РАДУМЛЯ_РФЦ_НЕГАБАРИТ_КРОССДОКИНГ
Москва, МО и Дальние регионы;OZON;1020000032914000;SORTING_CENTER;МО_ДАВЫДОВСКОЕ_ФБС
Москва, МО и Дальние регионы;OZON;1020001357190000;ORDERS_RECEIVING_POINT;ФУДСИТИ_АППЗ_7
Москва, МО и Дальние регионы;OZON;1020000242665000;ORDERS_RECEIVING_POINT;МО_ОДИНЦОВО_АППЗ_1
Москва, МО и Дальние регионы;OZON;23961186908000;ORDERS_RECEIVING_POINT;МОСКВА_СППЗ_МАТВЕЕВСКАЯ_11
Москва, МО и Дальние регионы;OZON;1020000394959000;CROSS_DOCK;СЦ_Рябиновая_Кроссдокинг
Москва, МО и Дальние регионы;OZON;1020000989855000;FULL_FILLMENT;ГРИВНО_РФЦ_НЕГАБАРИТ
Москва, МО и Дальние регионы;OZON;1020001853979000;CROSS_DOCK;ВАТУТИНКИ_РФЦ_КРОССДОКИНГ
Москва, МО и Дальние регионы;OZON;1020001067844000;SORTING_CENTER;МО_ГРИВНО_КГТ
Москва, МО и Дальние регионы;OZON;1020002065915000;SORTING_CENTER;СЦ_ВАТУТИНКИ_Возвраты
Москва, МО и Дальние регионы;OZON;1020000780738000;SORTING_CENTER;МО_ГРИВНО_ХАБ
Москва, МО и Дальние регионы;OZON;1020001520740000;SORTING_CENTER;МО_ЗАМОСКВОРЕЧЬЕ_IT
Москва, МО и Дальние регионы;OZON;1020002065907000;SORTING_CENTER;МО_ВАТУТИНКИ_ХАБ
Москва, МО и Дальние регионы;OZON;1020000250901000;ORDERS_RECEIVING_POINT;МО_РАМЕНСКОЕ_АППЗ_1
Москва, МО и Дальние регионы;OZON;1020000014427000;ORDERS_RECEIVING_POINT;МО_РЕЧИЦЫ_АППЗ_1
Москва, МО и Дальние регионы;OZON;1020001572193000;SORTING_CENTER;МО_ЗАМОСКВОРЕЧЬЕ_КГТ
Москва, МО и Дальние регионы;OZON;20547966998000;SORTING_CENTER;МО_НИЖНЕЕ_ВЕЛИНО_КГТ
Москва, МО и Дальние регионы;OZON;1020000115460000;CROSS_DOCK;ЖУКОВСКИЙ_РФЦ_КРОССДОКИНГ
Москва, МО и Дальние регионы;OZON;1020000115166000;FULL_FILLMENT;ЖУКОВСКИЙ_РФЦ
Москва, МО и Дальние регионы;OZON;22243578862000;SORTING_CENTER;СЦ_МО_НИЖНЕЕ_ВЕЛИНО_1
Москва, МО и Дальние регионы;OZON;1020000241710000;FULL_FILLMENT;СОФЬИНО_РФЦ
Москва, МО и Дальние регионы;OZON;1020001853954000;FULL_FILLMENT;ВАТУТИНКИ_РФЦ
Москва, МО и Дальние регионы;OZON;1020000107077000;ORDERS_RECEIVING_POINT;МО_СЕРПУХОВ_АППЗ_1
Москва, МО и Дальние регионы;OZON;1020000964594000;SORTING_CENTER;МО_ГРИВНО_2_ХАБ
Москва, МО и Дальние регионы;OZON;1020001419169000;FULL_FILLMENT;FRESH_Рябиновая_РФЦ
Москва, МО и Дальние регионы;OZON;1020001853757000;FULL_FILLMENT;ДОМОДЕДОВО_РФЦ
Москва, МО и Дальние регионы;OZON;23962956493000;ORDERS_RECEIVING_POINT;МО_ВИДНОЕ_СППЗ_ЛЕМЕШКО
Москва, МО и Дальние регионы;OZON;1020000076625000;ORDERS_RECEIVING_POINT;МО_ПОДОЛЬСК_АППЗ_2
Москва, МО и Дальние регионы;OZON;1020001345510000;SORTING_CENTER;СЦ_Коми_Каширское_3PL_Возвраты
Москва, МО и Дальние регионы;OZON;20547967058000;SORTING_CENTER;Коми_ХАБ_Каширское_3PL
Москва, МО и Дальние регионы;OZON;22421382257000;SORTING_CENTER;СЦ_МО_ДОМОДЕДОВО
Москва, МО и Дальние регионы;OZON;1020002183393000;SORTING_CENTER;СЦ_ДОМОДЕДОВО_Возвраты
Москва, МО и Дальние регионы;OZON;1020002141147000;SORTING_CENTER;МО_ДОМОДЕДОВО_1_ХАБ
Москва, МО и Дальние регионы;OZON;1020002478687000;SORTING_CENTER;МО_ДОМОДЕДОВО_2_ХАБ
Москва, МО и Дальние регионы;OZON;1020001853795000;CROSS_DOCK;ДОМОДЕДОВО_РФЦ_КРОССДОКИНГ
Москва, МО и Дальние регионы;OZON;1020000829019000;ORDERS_RECEIVING_POINT;МО_ВИДНОЕ_АППЗ_2
Москва, МО и Дальние регионы;OZON;19631366899000;SORTING_CENTER;СЦ_МО_ВИДНОЕ
Москва, МО и Дальние регионы;OZON;1020000435423000;CROSS_DOCK;ГРИВНО_РФЦ_КРОССДОКИНГ
Москва, МО и Дальние регионы;OZON;1020000435290000;FULL_FILLMENT;ГРИВНО_РФЦ
Москва, МО и Дальние регионы;OZON;1020001344365000;SORTING_CENTER;МО_ЗАМОСКВОРЕЧЬЕ_ХАБ
Москва, МО и Дальние регионы;OZON;21957735428000;CROSS_DOCK;НОВАЯ_РИГА_РФЦ_Кроссдокинг
Москва, МО и Дальние регионы;OZON;1020002007811000;FULL_FILLMENT;РАДУМЛЯ_РФЦ_НЕГАБАРИТ
Москва, МО и Дальние регионы;OZON;23552438554000;SORTING_CENTER;ТВЕРЬ_ХАБ_БОРОВЛЁВО
Москва, МО и Дальние регионы;OZON;23470817390000;SORTING_CENTER;ТВЕРЬ_ХАБ_КГТ
Москва, МО и Дальние регионы;OZON;23953850246000;ORDERS_RECEIVING_POINT;ТВЕРЬ_АППЗ_1
Москва, МО и Дальние регионы;OZON;1020001556829000;SORTING_CENTER;ТВЕРЬ_ХАБ_КОНЯЕВСКАЯ_2_КГТ
Москва, МО и Дальние регионы;OZON;1020000893884000;SORTING_CENTER;ТВЕРЬ_ХАБ_КОНЯЕВСКАЯ_1
Москва, МО и Дальние регионы;OZON;1020000995840000;SORTING_CENTER;ТВЕРЬ_ХАБ_КОНЯЕВСКАЯ_2
Москва, МО и Дальние регионы;OZON;6048863967000;FULL_FILLMENT;Тверь_Хаб
Москва, МО и Дальние регионы;OZON;1020002080349000;SORTING_CENTER;ТВЕРЬ_КОНЯЕВСКАЯ_ФБС
Москва, МО и Дальние регионы;OZON;1020001775656000;SORTING_CENTER;ТВЕРЬ_ТСЦ
Москва, МО и Дальние регионы;OZON;1020001001744000;SORTING_CENTER;СЦ_ТВЕРЬ_КОНЯЕВСКАЯ_2_Возвраты
Москва, МО и Дальние регионы;OZON;23021125185000;FULL_FILLMENT;ТВЕРЬ_РФЦ
Самара;OZON;1020000833345000;SORTING_CENTER;САМАРА_ХАБ_ИНДУСТРИАЛЬНАЯ
Самара;OZON;1020001443623000;FULL_FILLMENT;САМАРА_РФЦ_НЕГАБАРИТ
Самара;OZON;1020001443666000;CROSS_DOCK;САМАРА_РФЦ_НЕГАБАРИТ_КРОССДОКИНГ
Самара;OZON;1020001668512000;SORTING_CENTER;САМАРА_ЮЖНАЯ_ТСЦ
Самара;OZON;1020001526953000;SORTING_CENTER;ЧАПАЕВСК_ТСЦ
Самара;OZON;1020001351192000;FULL_FILLMENT;САМАРА_РФЦ_ЮВЕЛИРНЫЙ
Самара;OZON;20547966400000;SORTING_CENTER;ТСЦ_САМАРА
Самара;OZON;1020000987771000;SORTING_CENTER;СЦ_САМАРА_ИНДУСТРИАЛЬНАЯ_Возвраты
Самара;OZON;23128509046000;FULL_FILLMENT;САМАРА_РФЦ
Самара;OZON;1020002930560000;FULL_FILLMENT;САМАРА_РФЦ_ПАЛЛЕТНЫЙ
Самара;OZON;23268782971000;CROSS_DOCK;САМАРА_РФЦ_Кроссдокинг
Самара;OZON;23678093223000;SORTING_CENTER;САМАРА_ХАБ_КГТ
Самара;OZON;20547966388000;SORTING_CENTER;САМАРА_ХАБ_ПРЕОБРАЖЕНКА
Санкт-Петербург и СЗО;OZON;23786277208000;SORTING_CENTER;СПБ_ХАБ_МОСКОВСКОЕ_БЛОК_2
Санкт-Петербург и СЗО;OZON;23759266951000;SORTING_CENTER;СПБ_ХАБ_МОСКОВСКОЕ_БЛОК_1
Санкт-Петербург и СЗО;OZON;23961865028000;SORTING_CENTER;СПБ_ХАБ_МОСКОВСКОЕ_БЛОК_7
Санкт-Петербург и СЗО;OZON;23920426985000;SORTING_CENTER;СЦ_Шушары_Возвраты
Санкт-Петербург и СЗО;OZON;23641575982000;SORTING_CENTER;СПБ_ТСЦ_Шушары
Санкт-Петербург и СЗО;OZON;1020002000455000;SORTING_CENTER;СПБ_МИНИ_ТСЦ_ШУШАРЫ
Санкт-Петербург и СЗО;OZON;1020000919729000;SORTING_CENTER;СЦ_Московское_Блок_5_Возвраты
Санкт-Петербург и СЗО;OZON;21896333622000;CROSS_DOCK;САНКТ-ПЕТЕРБУРГ_РФЦ_Кроссдокинг
Санкт-Петербург и СЗО;OZON;1020002065865000;FULL_FILLMENT;ВЕТАПТЕКА_ТРОИЦКИЙ
Санкт-Петербург и СЗО;OZON;1020000919557000;SORTING_CENTER;СЦ_Московское_Блок_4_Возвраты
Санкт-Петербург и СЗО;OZON;1020000919550000;SORTING_CENTER;СЦ_Московское_Блок_3_Возвраты
Санкт-Петербург и СЗО;OZON;1020000919533000;SORTING_CENTER;СЦ_Московское_Блок_2_Возвраты
Санкт-Петербург и СЗО;OZON;23786279659000;SORTING_CENTER;СПБ_ХАБ_МОСКОВСКОЕ_БЛОК_3
Санкт-Петербург и СЗО;OZON;18044249781000;FULL_FILLMENT;Санкт_Петербург_РФЦ
Санкт-Петербург и СЗО;OZON;1020000988146000;SORTING_CENTER;СПБ_Шушары_КГТ
Санкт-Петербург и СЗО;OZON;1020000919747000;SORTING_CENTER;СЦ_Московское_Блок_7_Возвраты
Санкт-Петербург и СЗО;OZON;23961817402000;SORTING_CENTER;СПБ_ХАБ_МОСКОВСКОЕ_БЛОК_5
Санкт-Петербург и СЗО;OZON;1020001450768000;SORTING_CENTER;СЦ_ВОЛХОНСКОЕ_ТСЦ_Возвраты
Санкт-Петербург и СЗО;OZON;1020002458319000;CROSS_DOCK;СПБ_ВОЛХОНКА_3_РФЦ_НЕГАБАРИТ_КРОССДОКИНГ
Санкт-Петербург и СЗО;OZON;1020001993642000;SORTING_CENTER;СПБ_МИНИ_ТСЦ_ВОЛХОНСКОЕ
Санкт-Петербург и СЗО;OZON;1020001993580000;SORTING_CENTER;СПБ_ХАБ_Волхонское_Блок_3
Санкт-Петербург и СЗО;OZON;1020001263027000;ORDERS_RECEIVING_POINT;КРАСНОЕ_СЕЛО_АППЗ_2
Санкт-Петербург и СЗО;OZON;1020000918852000;SORTING_CENTER;СЦ_Московское_Блок_1_Возвраты
Санкт-Петербург и СЗО;OZON;23786281445000;SORTING_CENTER;СПБ_ХАБ_МОСКОВСКОЕ_БЛОК_4
Санкт-Петербург и СЗО;OZON;1020000919742000;SORTING_CENTER;СЦ_Московское_Блок_6_Возвраты
Санкт-Петербург и СЗО;OZON;23963987231000;ORDERS_RECEIVING_POINT;СПБ_СППЗ_БУХАРЕСТСКАЯ_67
Санкт-Петербург и СЗО;OZON;1020001025487000;CROSS_DOCK;СПБ_ШУШАРЫ_РФЦ_НЕГАБАРИТ_КРОССДОКИНГ
Санкт-Петербург и СЗО;OZON;22019797908000;SORTING_CENTER;СЦ_СПБ_Троицкий_кроссдокинг
Санкт-Петербург и СЗО;OZON;20547966822000;SORTING_CENTER;СЦ_СПБ_Армада
Санкт-Петербург и СЗО;OZON;20547966798000;SORTING_CENTER;СЦ_СПБ_ШУШАРЫ
Санкт-Петербург и СЗО;OZON;1020002127265000;SORTING_CENTER;СПБ_ХАБ_Московское_Блок_9
Санкт-Петербург и СЗО;OZON;1020000685196000;SORTING_CENTER;СПБ_ДО_МОСКОВСКОЕ_177
Санкт-Петербург и СЗО;OZON;1020001649204000;CROSS_DOCK;СПБ_КОЛПИНО_РФЦ_КРОССДОКИНГ
Санкт-Петербург и СЗО;OZON;1020000613947000;CROSS_DOCK;СПБ_ШУШАРЫ_РФЦ_КРОССДОКИНГ
Санкт-Петербург и СЗО;OZON;1020000284655000;SORTING_CENTER;СПБ_ХАБ_МОСКОВСКОЕ_БЛОК_8
Санкт-Петербург и СЗО;OZON;1020000811776000;SORTING_CENTER;СПБ_ДО_Юкки_Возвраты
Санкт-Петербург и СЗО;OZON;1020000974650000;FULL_FILLMENT;СПБ_БУГРЫ_РФЦ_ЮВЕЛИРНЫЙ
Санкт-Петербург и СЗО;OZON;1020001478784000;SORTING_CENTER;СПБ_МИНИ_ТСЦ_ПАРНАС
Санкт-Петербург и СЗО;OZON;1020000811573000;SORTING_CENTER;СПБ_ХАБ_ПАРНАС_БЛОК_1
Санкт-Петербург и СЗО;OZON;1020002265855000;SORTING_CENTER;СПБ_ХАБ_Парнас_Блок_5
Санкт-Петербург и СЗО;OZON;1020000326320000;ORDERS_RECEIVING_POINT;САНКТ-ПЕТЕРБУРГ_АППЗ_17
Санкт-Петербург и СЗО;OZON;1020000843282000;SORTING_CENTER;СПБ_ХАБ_ПАРНАС_БЛОК_2
Санкт-Петербург и СЗО;OZON;1020000843285000;SORTING_CENTER;СПБ_ХАБ_ПАРНАС_БЛОК_4
Санкт-Петербург и СЗО;OZON;23964006565000;ORDERS_RECEIVING_POINT;СПБ_СППЗ_ШОСТАКОВИЧА_5
Санкт-Петербург и СЗО;OZON;1020000848662000;SORTING_CENTER;СЦ_Парнас_Возвраты
Санкт-Петербург и СЗО;OZON;20547966299000;SORTING_CENTER;ТСЦ_СПБ_Осиновая Роща
Санкт-Петербург и СЗО;OZON;23903599483000;FULL_FILLMENT;СПБ_БУГРЫ_РФЦ
Санкт-Петербург и СЗО;OZON;1020000160743000;CROSS_DOCK;СПБ_БУГРЫ_РФЦ_КРОССДОКИНГ
Санкт-Петербург и СЗО;OZON;1020000811777000;SORTING_CENTER;СПБ_ДО_Юкки
Санкт-Петербург и СЗО;OZON;20547966787000;SORTING_CENTER;СЦ_СПБ_Юкки
Санкт-Петербург и СЗО;OZON;20547966842000;SORTING_CENTER;СЦ_СПБ_Бугры
Санкт-Петербург и СЗО;OZON;23966566751000;ORDERS_RECEIVING_POINT;СПБ_СППЗ_АВИАКОНСТРУКТОРОВ_1
Санкт-Петербург и СЗО;OZON;1020002464375000;SORTING_CENTER;СПБ_Шушары_ДО_Возвраты
Санкт-Петербург и СЗО;OZON;1020002252910000;SORTING_CENTER;СЦ_СПБ_Шушары_КГТ_Возвраты
Санкт-Петербург и СЗО;OZON;1020001025471000;FULL_FILLMENT;СПБ_ШУШАРЫ_РФЦ_НЕГАБАРИТ
Санкт-Петербург и СЗО;OZON;23979852399000;ORDERS_RECEIVING_POINT;КОЛПИНО_АППЗ_1
Санкт-Петербург и СЗО;OZON;1020000919754000;SORTING_CENTER;СЦ_Московское_Блок_8_Возвраты
Санкт-Петербург и СЗО;OZON;1020002624297000;SORTING_CENTER;СПБ_ХАБ_Московское_Блок_10
Санкт-Петербург и СЗО;OZON;1020001649180000;FULL_FILLMENT;СПБ_КОЛПИНО_РФЦ
Санкт-Петербург и СЗО;OZON;1020002056763000;FULL_FILLMENT;ВЕТАПТЕКА_СПБ
Санкт-Петербург и СЗО;OZON;1020001993649000;SORTING_CENTER;СПБ_ТСЦ_ВОЛХОНСКОЕ
Санкт-Петербург и СЗО;OZON;1020000613861000;FULL_FILLMENT;СПБ_ШУШАРЫ_РФЦ
Санкт-Петербург и СЗО;OZON;1020001030021000;ORDERS_RECEIVING_POINT;САНКТ-ПЕТЕРБУРГ_АППЗ_21
Санкт-Петербург и СЗО;OZON;1020002418002000;CROSS_DOCK;СПБ_ПОРОШКИНО_РФЦ_КРОССДОКИНГ
Санкт-Петербург и СЗО;OZON;1020002417800000;FULL_FILLMENT;СПБ_ПОРОШКИНО_РФЦ
Санкт-Петербург и СЗО;OZON;1020000843284000;SORTING_CENTER;СПБ_ХАБ_ПАРНАС_БЛОК_3
Санкт-Петербург и СЗО;OZON;1020000691660000;SORTING_CENTER;СПБ_ДО_Московское_177_Возвраты
Санкт-Петербург и СЗО;OZON;1020001374462000;SORTING_CENTER;СПБ_ХАБ_Волхонское_Блок_1
Санкт-Петербург и СЗО;OZON;1020000284626000;SORTING_CENTER;СПБ_ХАБ_МОСКОВСКОЕ_БЛОК_6
Санкт-Петербург и СЗО;OZON;1020001443783000;CROSS_DOCK;СПБ_ВОЛХОНКА_РФЦ_НЕГАБАРИТ_КРОССДОКИНГ
Санкт-Петербург и СЗО;OZON;1020001374506000;SORTING_CENTER;СЦ_Волхонское_Возвраты
Санкт-Петербург и СЗО;OZON;1020001374505000;SORTING_CENTER;СПБ_ХАБ_Волхонское_Блок_2
Санкт-Петербург и СЗО;OZON;1020001443754000;FULL_FILLMENT;СПБ_ВОЛХОНКА_РФЦ_НЕГАБАРИТ
Санкт-Петербург и СЗО;OZON;1020002458308000;FULL_FILLMENT;СПБ_ВОЛХОНКА_3_РФЦ_НЕГАБАРИТ
Санкт-Петербург и СЗО;OZON;1020002458103000;FULL_FILLMENT;СПБ_ВОЛХОНКА_2_РФЦ_ПАЛЛЕТНЫЙ
Саратов;OZON;21704864692000;SORTING_CENTER;СЦ_Волгоград
Саратов;OZON;1020002920801000;FULL_FILLMENT;ВОЛГОГРАД_МРФЦ_ПАЛЛЕТНЫЙ
Саратов;OZON;1020000922313000;SORTING_CENTER;ВОЛГОГРАД_МРФЦ_КГТ
Саратов;OZON;1020000310035000;FULL_FILLMENT;ВОЛГОГРАД_МРФЦ
Саратов;OZON;23964003163000;ORDERS_RECEIVING_POINT;ВОЛЖСКИЙ_СППЗ_АКАДЕМИКА_КОРОЛЁВА
Саратов;OZON;1020002174929000;SORTING_CENTER;ВОЛГОГРАД_ХАБ_СУМСКАЯ
Саратов;OZON;23963084037000;ORDERS_RECEIVING_POINT;ВОЛГОГРАД_СППЗ_8 ВОЗДУШНОЙ АРМИИ
Саратов;OZON;1020000938939000;SORTING_CENTER;ВОЛГОГРАД_ХАБ_ПРЖЕВАЛЬСКОГО_КГТ
Саратов;OZON;1020000068635000;ORDERS_RECEIVING_POINT;СРЕДНЯЯ_АХТУБА_АППЗ_1
Саратов;OZON;20547966756000;SORTING_CENTER;ВОЛГОГРАД_ХАБ_ПРЖЕВАЛЬСКОГО
Саратов;OZON;1020001471062000;SORTING_CENTER;САРАТОВ_ХАБ_ХУТОР_КГТ
Саратов;OZON;1020002920875000;FULL_FILLMENT;САРАТОВ_РФЦ_ПАЛЛЕТНЫЙ
Саратов;OZON;1020002459869000;SORTING_CENTER;САРАТОВ_ХАБ_ЕЛШАНСКИЙ
Саратов;OZON;1020002460090000;SORTING_CENTER;САРАТОВ_ХАБ_ЕЛШАНСКИЙ_КГТ
Саратов;OZON;1020002460098000;SORTING_CENTER;СЦ_САРАТОВ_ХАБ_ЕЛШАНСКИЙ_ВОЗВРАТЫ
Саратов;OZON;1020000843936000;SORTING_CENTER;САРАТОВ_ХАБ_ХУТОР 
Саратов;OZON;22219745078000;SORTING_CENTER;СЦ_САРАТОВ_ПРОМЫШЛЕННАЯ
Саратов;OZON;1020001853897000;FULL_FILLMENT;САРАТОВ_РФЦ
Саратов;OZON;1020000310098000;CROSS_DOCK;ВОЛГОГРАД_МРФЦ_КРОССДОКИНГ
Саратов;OZON;1020000984914000;SORTING_CENTER;СЦ_САРАТОВ_ХУТОР_Возвраты
Сибирь;OZON;23609313971000;SORTING_CENTER;НОВОСИБИРСК_ХАБ_ОБЬ_КГТ
Сибирь;OZON;18044341087000;FULL_FILLMENT;Новосибирск_РФЦ_НОВЫЙ
Сибирь;OZON;21957447472000;CROSS_DOCK;НОВОСИБИРСК_РФЦ_Кроссдокинг
Сибирь;OZON;20547966778000;SORTING_CENTER;ТСЦ_НСБ
Сибирь;OZON;1020002418102000;CROSS_DOCK;НОВОСИБИРСК_РФЦ_НЕГАБАРИТ_КРОССДОКИНГ
Сибирь;OZON;1020000480827000;SORTING_CENTER;ОМСК_ХАБ_КАЗАХСТАНСКАЯ
Сибирь;OZON;1020001838856000;SORTING_CENTER;ОМСК_СОЛНЕЧНЫЙ_КГТ
Сибирь;OZON;1020001861696000;SORTING_CENTER;ОМСК_ТСЦ
Сибирь;OZON;1020002634846000;ORDERS_RECEIVING_POINT;ОМСК_АППЗ_2
Сибирь;OZON;1020001823009000;SORTING_CENTER;ОМСК_ХАБ_СОЛНЕЧНЫЙ
Сибирь;OZON;1020001835468000;FULL_FILLMENT;ОМСК_РФЦ
Сибирь;OZON;1020002126480000;ORDERS_RECEIVING_POINT;ОМСК_АППЗ_1
Сибирь;OZON;1020002920961000;FULL_FILLMENT;ОМСК_РФЦ_ПАЛЛЕТНЫЙ
Сибирь;OZON;1020001835503000;CROSS_DOCK;ОМСК_РФЦ_КРОССДОКИНГ
Сибирь;OZON;19077291855000;SORTING_CENTER;СЦ_ОМСК_БАГНЮКА 
Сибирь;OZON;1020001829660000;SORTING_CENTER;СЦ_ОМСК_СОЛНЕЧНЫЙ_ВОЗВРАТЫ
Сибирь;OZON;1020000927113000;SORTING_CENTER;ОМСК_КГТ
Сибирь;OZON;23967236891000;ORDERS_RECEIVING_POINT;НОВОСИБИРСК_СППЗ_НАРЫМСКАЯ_11
Сибирь;OZON;21705048763000;SORTING_CENTER;СЦ_Омск
Сибирь;OZON;1020002920918000;FULL_FILLMENT;НОВОСИБИРСК_РФЦ_ПАЛЛЕТНЫЙ
Сибирь;OZON;1020001803875000;SORTING_CENTER;НОВОСИБИРСК_ОМСКИЙ_ТРАКТ_КГТ
Сибирь;OZON;1020000386145000;ORDERS_RECEIVING_POINT;НОВОСИБИРСК_АППЗ_2
Сибирь;OZON;1020001761017000;SORTING_CENTER;НОВОСИБИРСК_ДО_ТСЦ
Сибирь;OZON;1020000949093000;SORTING_CENTER;НОВОСИБИРСК_ХАБ_ОМСКИЙ_ТРАКТ
Сибирь;OZON;1020001351145000;FULL_FILLMENT;НОВОСИБИРСК_РФЦ_ЮВЕЛИРНЫЙ
Сибирь;OZON;1020001364962000;SORTING_CENTER;НОВОСИБИРСК_ТСЦ
Сибирь;OZON;1020002418056000;FULL_FILLMENT;НОВОСИБИРСК_РФЦ_НЕГАБАРИТ
Сибирь;OZON;1020000142982000;ORDERS_RECEIVING_POINT;НОВОСИБИРСК_АППЗ_1
Сибирь;OZON;23605390489000;SORTING_CENTER;НОВОСИБИРСК_ХАБ_ОБЬ
Тюмень;OZON;1020000952580000;SORTING_CENTER;СЦ_ТЮМЕНЬ_ТОБОЛЬСКОГО_Возвраты
Тюмень;OZON;1020002007577000;CROSS_DOCK;ТЮМЕНЬ_РФЦ_КРОССДОКИНГ
Тюмень;OZON;1020000866625000;SORTING_CENTER;ТЮМЕНЬ_ХАБ_ТОБОЛЬСКОГО
Тюмень;OZON;1020002920844000;FULL_FILLMENT;ТЮМЕНЬ_РФЦ_ПАЛЛЕТНЫЙ
Тюмень;OZON;1020002007530000;FULL_FILLMENT;ТЮМЕНЬ_РФЦ
Урал;OZON;1020000119938000;ORDERS_RECEIVING_POINT;ПЕРВОУРАЛЬСК_АППЗ_1
Урал;OZON;1020001351115000;FULL_FILLMENT;ЕКАТЕРИНБУРГ_РФЦ_ЮВЕЛИРНЫЙ
Урал;OZON;1020001029577000;SORTING_CENTER;ЕКАТЕРИНБУРГ_ДО_Кольцово
Урал;OZON;1020000185234000;SORTING_CENTER;ЕКАТЕРИНБУРГ_ТСЦ_КОЛЬЦОВО	
Урал;OZON;1020001135128000;FULL_FILLMENT;ЕКАТЕРИНБУРГ_РФЦ_НЕГАБАРИТ
Урал;OZON;20547967114000;SORTING_CENTER;СЦ_ЕКАТЕРИНБУРГ_КОЛЬЦОВО
Урал;OZON;1020002119057000;SORTING_CENTER;СЦ_ЕКАТЕРИНБУРГ_ПЫШМА_Возвраты 
Урал;OZON;23967336532000;ORDERS_RECEIVING_POINT;ЕКАТЕРИНБУРГ_СППЗ_МАШИНОСТРОИТЕЛЕЙ
Урал;OZON;21704694055000;SORTING_CENTER;СЦ_Пермь
Урал;OZON;20547966941000;SORTING_CENTER;ПЕРМЬ_ХАБ_АЭЛИТА
Урал;OZON;1020001008734000;SORTING_CENTER;ЕКАТЕРИНБУРГ_ХАБ_АЭРОПОРТ_БЛОК_3
Урал;OZON;20547966807000;SORTING_CENTER;СЦ_ПЕРМЬ_ПРОМЫШЛЕННАЯ
Урал;OZON;16184778465000;SORTING_CENTER;СЦ_ПЕРМЬ_НОВЫЙ 
Урал;OZON;23967301431000;ORDERS_RECEIVING_POINT;ПЕРМЬ_СППЗ_СОВЕТСКАЯ
Урал;OZON;1020002920820000;FULL_FILLMENT;ПЕРМЬ_РФЦ_ПАЛЛЕТНЫЙ
Урал;OZON;1020001853873000;CROSS_DOCK;ПЕРМЬ_РФЦ_КРОССДОКИНГ
Урал;OZON;1020001853819000;FULL_FILLMENT;ПЕРМЬ_РФЦ
Урал;OZON;1020002590474000;SORTING_CENTER;СЦ_ФФ_ПЕРМЬ_КУЛТАЕВО_ВОЗВРАТЫ
Урал;OZON;1020002581541000;SORTING_CENTER;ПЕРМЬ_ХАБ_КУЛТАЕВО_КГТ
Урал;OZON;1020002581291000;SORTING_CENTER;ПЕРМЬ_ХАБ_КУЛТАЕВО
Урал;OZON;23973761265000;ORDERS_RECEIVING_POINT;ПЕРМЬ_АППЗ_2
Урал;OZON;20547967177000;SORTING_CENTER;Пермь_КГТ
Урал;OZON;1020002118674000;SORTING_CENTER;ЕКАТЕРИНБУРГ_ХАБ_ПЫШМА
Урал;OZON;1020001008715000;SORTING_CENTER;ЕКАТЕРИНБУРГ_ХАБ_АЭРОПОРТ_БЛОК_2
Урал;OZON;20547966879000;SORTING_CENTER;СЦ_ЕКАТЕРИНБУРГ_ЮГ
Урал;OZON;1020002474300000;FULL_FILLMENT;ЕКАТЕРИНБУРГ_ПЫШМА_РФЦ_НЕГАБАРИТ
Урал;OZON;1020002474369000;CROSS_DOCK;ЕКАТЕРИНБУРГ_ПЫШМА_РФЦ_НЕГАБАРИТ_КРОССДОКИНГ
Урал;OZON;23967557462000;ORDERS_RECEIVING_POINT;ЕКАТЕРИНБУРГ_СППЗ_ЛУНАЧАРСКОГО_21
Урал;OZON;21957500760000;CROSS_DOCK;ЕКАТЕРИНБУРГ_РФЦ_Кроссдокинг
Урал;OZON;20547966706000;SORTING_CENTER;СЦ_ЕКАТЕРИНБУРГ_СЕВЕР
Урал;OZON;20547966639000;SORTING_CENTER;СЦ_ЕКАТЕРИНБУРГ_САДОВЫЙ
Урал;OZON;20547966647000;SORTING_CENTER;ТСЦ_ЕКБ_САДОВЫЙ
Урал;OZON;23967619320000;ORDERS_RECEIVING_POINT;ЕКАТЕРИНБУРГ_СППЗ_МИЧУРИНА
Урал;OZON;1020001023562000;SORTING_CENTER;СЦ_ЕКАТЕРИНБУРГ_АЭРОПОРТ_Возвраты
Урал;OZON;1020001947018000;SORTING_CENTER;ЕКАТЕРИНБУРГ_ХАБ_ЧЕРНЯХОВСКОГО_Блок_1
Урал;OZON;1020002222108000;SORTING_CENTER;ЕКАТЕРИНБУРГ_ХАБ_АЭРОПОРТ_КГТ
Урал;OZON;18044570445000;FULL_FILLMENT;Екатеринбург_РФЦ_НОВЫЙ
Урал;OZON;23888613613000;ORDERS_RECEIVING_POINT;ЕКАТЕРИНБУРГ_АППЗ_2
Урал;OZON;20547967047000;SORTING_CENTER;ЕКАТЕРИНБУРГ_КГТ
Урал;OZON;1020002920756000;FULL_FILLMENT;ЕКАТЕРИНБУРГ_РФЦ_ПАЛЛЕТНЫЙ
Урал;OZON;1020001041939000;ORDERS_RECEIVING_POINT;ЕКАТЕРИНБУРГ_АППЗ_4
Урал;OZON;1020001023054000;SORTING_CENTER;ЕКАТЕРИНБУРГ_ХАБ_АЭРОПОРТ_БЛОК_4
Урал;OZON;1020001884720000;CROSS_DOCK;ЕКАТЕРИНБУРГ_ЛЦ_КРОССДОКИНГ
Урал;OZON;1020002307098000;CROSS_DOCK;ЕКАТЕРИНБУРГ_ЧЕРНЯХОВСКОГО_Кроссдокинг
Урал;OZON;1020001135261000;CROSS_DOCK;ЕКАТЕРИНБУРГ_РФЦ_НЕГАБАРИТ_КРОССДОКИНГ
Урал;OZON;23967625865000;ORDERS_RECEIVING_POINT;ЕКАТЕРИНБУРГ_СППЗ_ШАУМЯНА
Урал;OZON;1020000993827000;SORTING_CENTER;ЕКАТЕРИНБУРГ_ХАБ_АЭРОПОРТ_Блок_1
Уфа;OZON;1020000986612000;SORTING_CENTER;СЦ_ОКТЯБРЬСКИЙ_КОСМОНАВТОВ_Возвраты
Уфа;OZON;1020000985080000;SORTING_CENTER;ОКТЯБРЬСКИЙ_ХАБ_КОСМОНАВТОВ
Уфа;OZON;1020002389153000;ORDERS_RECEIVING_POINT;НЕФТЕКАМСК_АППЗ_1
Уфа;OZON;1020001639851000;SORTING_CENTER;ОКТЯБРЬСКИЙ_КГТ
Уфа;OZON;1020000925184000;SORTING_CENTER;САЛАВАТ_ХАБ_ПЕРВОМАЙСКАЯ
Уфа;OZON;1020001836368000;CROSS_DOCK;УФА_РФЦ_КРОССДОКИНГ
Уфа;OZON;1020001836298000;FULL_FILLMENT;УФА_РФЦ
Уфа;OZON;1020001836200000;FULL_FILLMENT;ОРЕНБУРГ_РФЦ
Уфа;OZON;1020002930104000;FULL_FILLMENT;УФА_РФЦ_ПАЛЛЕТНЫЙ
Уфа;OZON;1020000867177000;SORTING_CENTER;ОРЕНБУРГ_ХАБ_ШЕВЧЕНКО
Уфа;OZON;1020002326731000;ORDERS_RECEIVING_POINT;ОРЕНБУРГ_АППЗ_1
Уфа;OZON;1020002170824000;SORTING_CENTER;СЦ_ОРЕНБУРГ_ХАБ_ТИХАЯ_ВОЗВРАТЫ
Уфа;OZON;1020002170692000;SORTING_CENTER;ОРЕНБУРГ_ХАБ_ТИХАЯ
Уфа;OZON;20547966504000;SORTING_CENTER;ОРЕНБУРГ_ХАБ_БАЗОВАЯ
Уфа;OZON;1020002920779000;FULL_FILLMENT;ОРЕНБУРГ_РФЦ_ПАЛЛЕТНЫЙ
Уфа;OZON;1020001836227000;CROSS_DOCK;ОРЕНБУРГ_РФЦ_КРОССДОКИНГ
Уфа;OZON;1020000949246000;SORTING_CENTER;СЦ_САЛАВАТ_ПЕРВОМАЙСКАЯ_ВОЗВРАТЫ
Уфа;OZON;1020001142240000;SORTING_CENTER;САЛАВАТ_КГТ
Уфа;OZON;1020002170772000;SORTING_CENTER;ОРЕНБУРГ_ХАБ_ТИХАЯ_КГТ
Уфа;OZON;1020000969487000;SORTING_CENTER;ОРЕНБУРГ_ХАБ_БАЗОВАЯ_КГТ
Юг;OZON;1020000834743000;SORTING_CENTER;КРАСНОДАР_ХАБ_ОСОКИНА
Юг;OZON;23964011546000;ORDERS_RECEIVING_POINT;РОСТОВ-НА-ДОНУ_СППЗ_2-Я КРАСНОДАРСКАЯ
Юг;OZON;1020002919049000;FULL_FILLMENT;РОСТОВ_НА_ДОНУ_РФЦ_ПАЛЛЕТНЫЙ
Юг;OZON;20547967152000;SORTING_CENTER;РОСТОВ-НД_ХАБ_ЛОГОПАРК_КГТ
Юг;OZON;1020001828818000;SORTING_CENTER;СЦ_ЗАПАДНЫЙ_Кроссдок
Юг;OZON;8371492709000;SORTING_CENTER;КРАСНОДАР_РФЦ
Юг;OZON;17717042026000;FULL_FILLMENT;Ростов_на_Дону_РФЦ
Юг;OZON;20547967143000;SORTING_CENTER;РОСТОВ_НД_ХАБ_ЛОГОПАРК
Юг;OZON;21957766623000;CROSS_DOCK;РОСТОВ-НА-ДОНУ_РФЦ_Кроссдокинг
Юг;OZON;17746132092000;SORTING_CENTER;СЦ_ТИМАШЕВСК
Юг;OZON;1020000948878000;SORTING_CENTER;АДЫГЕЙСК_РФЦ_КГТ
Юг;OZON;1020001787154000;SORTING_CENTER;КУБАНЬ_ТСЦ
Юг;OZON;1020001513671000;FULL_FILLMENT;ЮЖНЫЙ_ОБХОД_РФЦ_НЕГАБАРИТ
Юг;OZON;1020002919931000;FULL_FILLMENT;АДЫГЕЙСК_РФЦ_ПАЛЛЕТНЫЙ
Юг;OZON;23966490055000;ORDERS_RECEIVING_POINT;КРАСНОДАР_СППЗ_УРАЛЬСКАЯ
Юг;OZON;1020001210060000;SORTING_CENTER;КРАСНОДАР_ХАБ_ПОБЕДИТЕЛЬ
Юг;OZON;20547966424000;SORTING_CENTER;ТСЦ_РОСТОВ_НА_ДОНУ
Юг;OZON;20547967121000;SORTING_CENTER;КРАСНОДАР_РФЦ_КГТ
Юг;OZON;1020000267736000;FULL_FILLMENT;АДЫГЕЙСК_РФЦ
Юг;OZON;1020000761047000;SORTING_CENTER;КРАСНОДАР_ХАБ_ФБС
Юг;OZON;1020001828821000;SORTING_CENTER;СЦ_ МЕДИА_ПЛАЗА_Кроссдок
Юг;OZON;1020001211383000;SORTING_CENTER;СЦ_Краснодар_Победитель_Возвраты
Юг;OZON;1020000268712000;CROSS_DOCK;АДЫГЕЙСК_РФЦ_КРОССДОКИНГ
Юг;OZON;23966549743000;ORDERS_RECEIVING_POINT;РОСТОВ-НА-ДОНУ_СППЗ_ЛЕНИНА_90/1
Юг;OZON;23601604393000;FULL_FILLMENT;НОВОРОССИЙСК_МРФЦ
Юг;OZON;1020001547284000;SORTING_CENTER;НОВОРОССИЙСК_ХАБ_ЛИНЕЙНЫЙ
Юг;OZON;1020001626990000;SORTING_CENTER;НОВОРОССИЙСК_ХАБ_ЛИНЕЙНЫЙ_КГТ
Юг;OZON;1020001056888000;SORTING_CENTER;КРАСНОДАР_ХАБ_ДРУЖЕЛЮБНЫЙ
Юг;OZON;21963467501000;CROSS_DOCK;СЦ_КРАСНОДАР_Кроссдокинг
Юг;OZON;1020000929222000;SORTING_CENTER;НОВОРОССИЙСК_МРФЦ_КГТ
Юг;OZON;23839618566000;CROSS_DOCK;НОВОРОССИЙСК_МРФЦ_Кроссдокинг
Юг;OZON;1020001513761000;CROSS_DOCK;ЮЖНЫЙ_ОБХОД_РФЦ_НЕГАБАРИТ_КРОССДОКИНГ
Юг;OZON;1020000974583000;FULL_FILLMENT;АДЫГЕЙСК_РФЦ_ЮВЕЛИРНЫЙ
Юг;OZON;1020001041814000;SORTING_CENTER;КРАСНОДАР_ХАБ_ОКТЯБРЬСКИЙ
Юг;OZON;20547966609000;SORTING_CENTER;СЦ_НОВОРОССИЙСК_РАЕВСКАЯ
Ярославль;OZON;1020002007512000;CROSS_DOCK;ЯРОСЛАВЛЬ_РФЦ_КРОССДОКИНГ
Ярославль;OZON;1020002093565000;ORDERS_RECEIVING_POINT;ЯРОСЛАВЛЬ_АППЗ_1
Ярославль;OZON;1020002513728000;SORTING_CENTER;СЦ_ФФ_ЯРОСЛАВЛЬ_ВОЗВРАТЫ
Ярославль;OZON;1020002513331000;SORTING_CENTER;ЯРОСЛАВЛЬ_2_ХАБ
Ярославль;OZON;1020002513329000;SORTING_CENTER;ЯРОСЛАВЛЬ_1_ХАБ
Ярославль;OZON;1020002920887000;FULL_FILLMENT;ЯРОСЛАВЛЬ_РФЦ_ПАЛЛЕТНЫЙ
Ярославль;OZON;1020002006967000;FULL_FILLMENT;ЯРОСЛАВЛЬ_РФЦ
Ярославль;OZON;1020002513368000;SORTING_CENTER;ЯРОСЛАВЛЬ_КГТ
